,City,Date,Country,Cloudiness,Max_temp,Pressure,Humidity,lng,lat,wind_speed
0,Rabo de Peixe,2021-10-22 02:03:38,PT,20,60.31,1028,88,-25.5833,37.8,4.61
1,Busselton,2021-10-22 02:03:38,AU,10,62.04,1025,51,115.3333,-33.65,2.68
2,Lorengau,2021-10-22 02:03:38,PG,100,78.94,1012,83,147.2712,-2.0226,5.64
3,Alyangula,2021-10-22 02:03:39,AU,8,86.97,1011,56,136.4192,-13.8483,7.14
4,Vaini,2021-10-22 02:03:39,TO,75,78.96,1019,78,-175.2,-21.2,10.36
5,Leningradskiy,2021-10-22 02:03:40,RU,84,9.03,997,86,178.4167,69.3833,13.13
6,Margate,2021-10-22 02:03:40,GB,0,45.7,1018,73,1.3862,51.3813,18.99
7,Saint-Philippe,2021-10-22 02:03:41,RE,1,71.19,1017,75,55.7679,-21.3585,6.22
8,Guerrero Negro,2021-10-22 01:58:53,MX,0,68.16,1015,79,-114.0611,27.9769,12.41
9,Namatanai,2021-10-22 02:03:41,PG,99,83.88,1011,70,152.4333,-3.6667,5.44
10,Sur,2021-10-22 02:03:42,OM,0,78.71,1012,59,59.5289,22.5667,6.76
11,Longyan,2021-10-22 02:00:35,CN,100,57.04,1023,93,117.0225,25.1072,4.27
12,Kapaa,2021-10-22 02:03:42,US,3,82.38,1017,73,-159.319,22.0752,1.99
13,Klaksvík,2021-10-22 02:03:43,FO,96,40.12,1006,62,-6.589,62.2266,27.72
14,Chapais,2021-10-22 02:02:44,CA,100,38.98,1008,97,-74.8492,49.7834,4.5
15,Rikitea,2021-10-22 02:03:43,PF,60,73.89,1017,81,-134.9692,-23.1203,23.82
16,Atuona,2021-10-22 02:03:44,PF,13,77.95,1012,78,-139.0333,-9.8,18.23
17,Heihe,2021-10-22 02:03:44,CN,12,43.38,1021,42,127.4902,50.2441,5.64
18,Lüderitz,2021-10-22 02:03:45,NA,15,55.2,1015,88,15.1594,-26.6481,8.12
19,Hobart,2021-10-22 02:00:03,AU,75,67.26,1011,71,147.3294,-42.8794,5.01
20,Saint Paul Harbor,2021-10-22 02:03:45,US,100,37.99,989,72,-152.4072,57.79,9.24
21,Yellowknife,2021-10-22 02:03:46,CA,6,43.41,1015,82,-114.3525,62.456,13.0
22,Nikolskoye,2021-10-22 02:03:46,RU,97,51.03,976,65,30.7861,59.7035,20.27
23,Butaritari,2021-10-22 02:03:47,KI,16,82.72,1010,71,172.7902,3.0707,12.12
24,Puerto Ayora,2021-10-22 02:01:54,EC,78,70.11,1015,88,-90.3518,-0.7393,7.56
25,Bethel,2021-10-22 02:03:47,US,1,64.76,1011,89,-73.414,41.3712,6.91
26,São João da Barra,2021-10-22 02:03:48,BR,74,67.05,1017,75,-41.0511,-21.6403,3.47
27,Maciel,2021-10-22 02:03:48,AR,0,71.98,1007,48,-60.8874,-32.4557,7.7
28,Beringovskiy,2021-10-22 02:03:49,RU,100,18.82,994,86,179.3167,63.05,14.05
29,Sitka,2021-10-22 02:03:49,US,75,55.29,990,54,-135.33,57.0531,16.11
30,Naze,2021-10-22 02:03:49,JP,100,67.41,1018,70,129.4833,28.3667,19.46
31,Lompoc,2021-10-22 01:59:44,US,20,64.11,1018,89,-120.4579,34.6391,6.91
32,Upernavik,2021-10-22 02:03:50,GL,100,21.99,1014,93,-56.1549,72.7868,9.35
33,Chokurdakh,2021-10-22 02:03:50,RU,49,-11.58,1008,95,147.9167,70.6333,3.47
34,Talnakh,2021-10-22 02:03:51,RU,99,22.24,1001,97,88.3972,69.4865,3.67
35,Torbay,2021-10-22 02:03:19,CA,7,45.75,1012,81,-52.7314,47.6666,3.0
36,Kaitangata,2021-10-22 02:03:51,NZ,0,58.62,1031,62,169.8464,-46.2817,10.76
37,Solnechnyy,2021-10-22 02:03:52,RU,74,37.89,1017,65,136.6319,50.7214,0.81
38,Albany,2021-10-22 02:02:13,US,9,63.01,1006,74,-73.9662,42.6001,1.99
39,Bandarbeyla,2021-10-22 02:03:52,SO,79,75.29,1014,87,50.8122,9.4942,4.97
40,Cape Town,2021-10-22 02:03:05,ZA,100,61.09,1009,74,18.4232,-33.9258,5.99
41,Palmer,2021-10-22 02:03:53,US,20,62.28,1011,76,-72.3287,42.1584,1.99
42,Lata,2021-10-22 02:03:53,PT,4,57.81,1021,96,-8.3327,40.1629,3.36
43,Porto Santo,2021-10-22 02:03:54,PT,40,69.71,1023,73,-16.3415,33.072,12.66
44,Ailigandí,2021-10-22 02:03:54,PA,11,79.45,1013,85,-78.0167,9.2333,6.58
45,Punta Arenas,2021-10-22 02:02:30,CL,60,42.12,1013,71,-70.9167,-53.15,16.35
46,Mandalī,2021-10-22 02:03:55,IQ,0,68.74,1014,29,45.5541,33.7499,4.09
47,Villa Carlos Paz,2021-10-22 02:03:56,AR,0,71.24,1012,41,-64.4978,-31.4241,3.65
48,Bredasdorp,2021-10-22 02:03:56,ZA,100,61.29,1005,80,20.0403,-34.5322,8.75
49,Iqaluit,2021-10-22 02:03:56,CA,90,29.93,1021,92,-68.5145,63.7506,11.99
50,Russell,2021-10-22 02:03:57,US,1,68.97,1018,91,-85.1999,32.3502,4.61
51,Ngunguru,2021-10-22 02:03:57,NZ,100,61.16,1027,92,174.5,-35.6167,22.7
52,Tuktoyaktuk,2021-10-22 02:03:58,CA,11,27.34,996,86,-133.0374,69.4541,8.16
53,Grande Prairie,2021-10-22 02:03:58,CA,26,44.69,1009,69,-118.8027,55.1667,11.72
54,Lebu,2021-10-22 02:03:58,CL,0,49.57,1023,74,-73.65,-37.6167,15.66
55,Hervey Bay,2021-10-22 02:03:59,AU,24,75.18,1015,75,152.8535,-25.2986,14.7
56,Grindavik,2021-10-22 02:03:59,IS,90,39.67,1008,60,-22.4338,63.8424,8.05
57,Lanigan,2021-10-22 02:04:00,CA,80,36.27,1021,38,-105.0344,51.8501,12.62
58,Rio Rancho,2021-10-22 02:02:18,US,1,64.35,1022,23,-106.6645,35.2334,1.01
59,Kiryat Gat,2021-10-22 02:04:00,IL,2,67.41,1018,100,34.7642,31.61,2.93
60,Souillac,2021-10-22 02:04:01,MU,40,74.35,1016,88,57.5167,-20.5167,9.22
61,Hermanus,2021-10-22 01:59:08,ZA,100,62.8,1006,71,19.2345,-34.4187,13.42
62,Sola,2021-10-22 02:04:02,VU,86,81.21,1013,69,167.55,-13.8833,2.15
63,Makkah al Mukarramah,2021-10-22 02:02:34,SA,92,78.98,1011,41,39.8261,21.4267,3.62
64,Ponta do Sol,2021-10-22 02:04:02,PT,50,70.43,1024,64,-17.1,32.6667,5.06
65,Balkhash,2021-10-22 02:04:03,KZ,0,32.61,1026,86,74.9804,46.844,13.42
66,New Norfolk,2021-10-22 02:04:03,AU,100,66.92,1014,63,147.0587,-42.7826,1.99
67,Kloulklubed,2021-10-22 02:04:04,PW,25,86.5,1011,70,134.2556,7.0419,7.4
68,Khani,2021-10-22 02:04:04,GE,0,45.97,1024,54,42.9566,41.9563,7.7
69,Jamestown,2021-10-22 02:02:24,US,90,58.59,1008,89,-79.2353,42.097,8.01
70,Tura,2021-10-22 02:04:05,IN,5,70.88,1014,79,90.2201,25.5198,1.57
71,Kruisfontein,2021-10-22 02:04:05,ZA,100,60.89,1003,92,24.7314,-34.0033,4.72
72,Barrow,2021-10-22 02:04:06,US,90,28.42,996,86,-156.7887,71.2906,10.36
73,Palana,2021-10-22 02:04:06,RU,55,22.64,1006,80,159.9667,59.1167,7.18
74,Kumul,2021-10-22 02:04:07,CN,0,58.39,1017,21,93.45,42.8,3.8
75,Bāgeshwar,2021-10-22 02:04:07,IN,1,62.58,1014,74,79.7667,29.85,1.54
76,Avarua,2021-10-22 02:04:07,CK,90,77.05,1014,61,-159.775,-21.2078,9.22
77,Zhangaözen,2021-10-22 02:04:08,KZ,16,43.25,1028,81,52.8,43.3,9.8
78,Pahrump,2021-10-22 02:04:08,US,97,70.25,986,24,-115.9839,36.2083,1.01
79,Chodavaram,2021-10-22 02:04:09,IN,100,79.27,1013,82,82.95,17.8333,2.01
80,Esperance,2021-10-22 02:04:09,AU,100,60.22,1024,59,121.9,-33.8667,14.36
81,Vardø,2021-10-22 02:04:09,NO,100,35.64,993,56,31.1107,70.3705,28.16
82,Aklavik,2021-10-22 02:04:10,CA,39,25.7,995,84,-135.0107,68.2191,12.91
83,Mataura,2021-10-22 02:04:10,NZ,0,68.9,1030,34,168.8643,-46.1927,1.32
84,Thompson,2021-10-22 01:59:21,CA,90,30.36,1026,93,-97.8558,55.7435,8.05
85,Burnie,2021-10-22 02:04:10,AU,100,58.95,1016,93,145.9167,-41.0667,10.71
86,Lincoln,2021-10-22 02:01:26,US,93,46.29,1021,79,-96.667,40.8,1.01
87,Grand Gaube,2021-10-22 02:04:11,MU,69,74.37,1016,78,57.6608,-20.0064,7.0
88,Mayumba,2021-10-22 02:04:12,GA,99,75.94,1011,90,10.6554,-3.432,7.25
89,George Town,2021-10-22 02:04:12,MY,20,84.13,1013,77,100.3354,5.4112,1.99
90,Vostok,2021-10-22 02:04:12,RU,98,34.07,1019,70,135.8833,46.4856,5.95
91,Mana,2021-10-22 02:04:13,GF,100,79.32,1012,87,-53.7767,5.6592,9.62
92,Vilhena,2021-10-22 02:04:13,BR,74,72.41,1011,90,-60.1458,-12.7406,1.99
93,Bambous Virieux,2021-10-22 02:04:14,MU,40,74.21,1016,88,57.7575,-20.3428,9.22
94,Bilibino,2021-10-22 02:04:14,RU,100,1.65,1007,94,166.4372,68.0546,3.2
95,Am Timan,2021-10-22 02:04:14,TD,100,74.64,1011,82,20.2827,11.0297,4.68
96,Hofn,2021-10-22 02:04:15,IS,54,32.43,1013,62,-15.2082,64.2539,11.61
97,Isangel,2021-10-22 02:04:15,VU,100,78.69,1015,76,169.2667,-19.55,6.17
98,Kommunisticheskiy,2021-10-22 02:04:16,RU,100,29.91,996,70,64.4819,61.6789,8.68
99,Mount Gambier,2021-10-22 02:04:16,AU,100,67.12,1013,52,140.7667,-37.8333,6.71
100,Hasaki,2021-10-22 02:04:17,JP,100,54.0,1015,86,140.8333,35.7333,18.05
101,Srednekolymsk,2021-10-22 02:04:17,RU,72,1.72,1009,88,153.6833,67.45,3.83
102,Saskylakh,2021-10-22 02:04:18,RU,97,-1.32,1008,100,114.0833,71.9167,3.13
103,Fortuna,2021-10-22 02:04:18,US,90,65.43,1010,75,-124.1573,40.5982,4.0
104,Saryozek,2021-10-22 02:04:18,KZ,100,34.56,1031,97,77.9753,44.3583,6.58
105,Faya,2021-10-22 02:04:19,SA,83,55.92,1020,31,42.4509,18.3851,6.29
106,Coahuayana Viejo,2021-10-22 02:04:19,MX,46,79.65,1012,88,-103.6833,18.7333,0.29
107,Taltal,2021-10-22 02:00:25,CL,24,58.91,1017,74,-70.4833,-25.4,2.91
108,Bueno Brandão,2021-10-22 02:00:44,BR,0,53.98,1016,88,-46.3508,-22.4408,3.69
109,Saldanha,2021-10-22 02:04:20,ZA,100,59.52,1009,79,17.9442,-33.0117,19.15
110,Qaanaaq,2021-10-22 02:04:21,GL,0,-0.06,1018,74,-69.3632,77.484,8.19
111,Kashary,2021-10-22 02:04:21,RU,94,47.26,1015,92,41.0056,49.04,14.79
112,Nelson Bay,2021-10-22 02:04:21,AU,34,76.75,1014,71,152.15,-32.7167,5.01
113,Sfântu Gheorghe,2021-10-22 02:04:22,RO,48,52.27,1016,69,25.7833,45.8667,2.33
114,Ushuaia,2021-10-22 02:04:22,AR,75,38.86,1007,81,-68.3,-54.8,5.75
115,Natitingou,2021-10-22 02:04:23,BJ,8,73.81,1010,80,1.3796,10.3042,2.24
116,Port Alfred,2021-10-22 02:04:23,ZA,100,64.94,1005,83,26.891,-33.5906,1.43
117,Cabo San Lucas,2021-10-22 02:03:21,MX,1,80.62,894,80,-109.9124,22.8909,5.01
118,Hachinohe,2021-10-22 02:04:24,JP,7,57.81,1018,45,141.5,40.5,2.64
119,Beyneu,2021-10-22 02:04:24,KZ,77,43.29,1027,51,55.2,45.3167,12.24
120,Chui,2021-10-22 02:04:25,UY,0,54.5,1016,89,-53.4616,-33.6971,5.37
121,Bonavista,2021-10-22 02:04:26,CA,41,46.11,1013,75,-53.1147,48.6499,20.6
122,Cascais,2021-10-22 02:04:26,PT,0,62.47,1022,70,-9.4215,38.6979,5.01
123,Cayenne,2021-10-22 02:00:06,GF,20,82.09,1012,84,-52.3333,4.9333,3.0
124,Weligama,2021-10-22 02:04:27,LK,25,81.1,1013,79,80.4167,5.9667,5.79
125,Saint-Pierre,2021-10-22 02:04:27,RE,0,71.28,1015,65,55.4781,-21.3393,6.91
126,Mar del Plata,2021-10-22 02:04:28,AR,90,64.42,1013,77,-57.5575,-38.0023,11.5
127,Trairi,2021-10-22 02:03:55,BR,100,79.45,1011,81,-39.2689,-3.2778,9.26
128,Jiwani,2021-10-22 02:04:28,PK,0,78.24,1013,76,61.7417,25.05,4.07
129,Pisco,2021-10-22 02:04:29,PE,0,61.02,1016,82,-76.2167,-13.7,12.66
130,El Carmen,2021-10-22 02:04:29,CO,10,66.81,1014,97,-73.4478,8.5106,3.98
131,Lucapa,2021-10-22 02:04:30,AO,100,65.48,1012,99,20.7447,-8.4192,2.37
132,Yulara,2021-10-22 02:04:30,AU,0,91.24,1014,14,130.9889,-25.2406,5.75
133,Port Elizabeth,2021-10-22 02:04:30,ZA,20,63.1,1003,94,25.5701,-33.918,4.61
134,Provideniya,2021-10-22 02:04:31,RU,90,30.31,990,64,-173.3,64.3833,8.95
135,Husavik,2021-10-22 02:04:31,IS,100,30.07,1013,77,-17.3389,66.0449,7.81
136,Vindeby,2021-10-22 02:04:32,DK,100,46.33,1000,76,10.6131,55.0449,23.73
137,San Patricio,2021-10-22 02:04:32,US,15,78.84,1018,66,-97.5169,28.017,7.61
138,Clyde River,2021-10-22 02:04:32,CA,37,19.4,1020,83,-68.5914,70.4692,6.31
139,Carnarvon,2021-10-22 02:04:33,AU,0,75.27,1020,46,113.6333,-24.8667,18.41
140,Bluff,2021-10-22 02:04:33,NZ,1,53.33,1031,66,168.3333,-46.6,11.45
141,Berlevåg,2021-10-22 02:04:34,NO,100,34.97,994,59,29.0864,70.8578,24.4
142,Piaçabuçu,2021-10-22 02:04:34,BR,9,77.92,1013,89,-36.4344,-10.4056,10.27
143,Tasiilaq,2021-10-22 02:04:35,GL,99,35.76,1004,70,-37.6368,65.6145,5.66
144,Dikson,2021-10-22 02:04:35,RU,99,22.68,1005,74,80.5464,73.5069,9.78
145,Valdez,2021-10-22 02:04:35,EC,100,77.49,1014,84,-78.9831,1.2492,10.6
146,Norman Wells,2021-10-22 02:04:36,CA,6,30.94,1001,84,-126.8329,65.282,6.85
147,Jinka,2021-10-22 02:04:36,ET,70,62.4,1014,79,36.65,5.65,2.55
148,Severo-Kuril'sk,2021-10-22 02:04:36,RU,99,39.7,1014,65,156.125,50.6789,9.69
149,Havelock,2021-10-22 02:04:37,US,100,73.94,1019,81,-76.9013,34.8791,3.0
150,Kautokeino,2021-10-22 02:04:37,NO,100,26.69,989,96,23.0412,69.0125,21.05
151,Teguise,2021-10-22 02:04:37,ES,35,68.22,1019,83,-13.564,29.0605,4.61
152,Viedma,2021-10-22 02:00:29,AR,41,50.4,1015,69,-62.9967,-40.8135,11.14
153,Goderich,2021-10-22 02:00:09,CA,100,51.91,1009,88,-81.7165,43.7501,22.66
154,Hithadhoo,2021-10-22 02:04:38,MV,97,81.81,1013,73,73.0833,-0.6,7.47
155,Piancó,2021-10-22 02:04:38,BR,99,81.34,1012,62,-37.9292,-7.1981,11.27
156,Nanortalik,2021-10-22 02:04:38,GL,100,42.01,991,57,-45.2371,60.1432,10.74
157,Inírida,2021-10-22 02:04:39,CO,100,73.27,1013,99,-67.9239,3.8653,3.4
158,Arraial do Cabo,2021-10-22 02:04:39,BR,97,66.79,1017,68,-42.0278,-22.9661,5.97
159,Vila Velha,2021-10-22 02:00:33,BR,96,68.45,1017,83,-40.2925,-20.3297,7.34
160,Hong Kong,2021-10-22 02:04:40,HK,100,68.25,1020,81,114.1577,22.2855,1.01
161,Vila Franca do Campo,2021-10-22 02:04:40,PT,99,61.21,1028,74,-25.4333,37.7167,4.65
162,Ternate,2021-10-22 02:04:40,ID,100,84.18,1011,70,127.4,0.8,2.35
163,Kununurra,2021-10-22 02:04:41,AU,95,94.98,1010,59,128.7333,-15.7667,4.61
164,Baykit,2021-10-22 02:04:41,RU,100,35.53,1011,86,96.37,61.67,3.2
165,Hilo,2021-10-22 02:03:31,US,4,79.29,1016,78,-155.09,19.7297,3.0
166,Caravelas,2021-10-22 02:04:42,BR,100,72.7,1015,89,-39.2481,-17.7125,9.35
167,Tuatapere,2021-10-22 02:04:42,NZ,0,63.32,1030,46,167.6833,-46.1333,5.32
168,Kahului,2021-10-22 02:04:42,US,40,82.42,1015,73,-156.47,20.8947,19.57
169,Tiksi,2021-10-22 02:04:43,RU,100,8.69,1005,93,128.8694,71.6872,8.59
170,Port Hedland,2021-10-22 02:00:05,AU,0,95.05,1013,13,118.5667,-20.3167,18.41
171,Bengkulu,2021-10-22 02:04:43,ID,100,79.38,1014,81,102.2655,-3.8004,0.67
172,Khatanga,2021-10-22 02:04:44,RU,98,-4.36,1006,100,102.5,71.9667,4.61
173,Port Said,2021-10-22 02:04:44,EG,37,73.71,1019,60,32.2841,31.2565,10.98
174,Te Anau,2021-10-22 02:04:45,NZ,14,62.35,1029,51,167.7167,-45.4167,2.35
175,Bījār,2021-10-22 02:04:45,IR,0,36.93,1027,84,47.6051,35.8668,3.69
176,Rafrāf,2021-10-22 02:04:45,TN,100,68.31,1015,64,10.1837,37.1904,7.38
177,Katsuura,2021-10-22 02:04:46,JP,100,55.42,1015,90,140.3,35.1333,16.82
178,Vuktyl,2021-10-22 02:04:46,RU,100,30.15,988,95,57.3094,63.8567,11.21
179,Mt. Pleasant,2021-10-22 01:59:52,US,1,72.0,1019,85,-79.8626,32.7941,3.0
180,Meulaboh,2021-10-22 02:04:47,ID,82,78.84,1013,86,96.1285,4.1363,3.06
181,San Cristobal,2021-10-22 02:04:47,VE,41,68.18,1017,98,-72.225,7.7669,1.92
182,Ürümqi,2021-10-22 02:04:48,CN,0,41.95,1018,53,87.6005,43.801,2.24
183,Mahon,2021-10-22 02:04:48,ES,20,66.76,1016,68,4.2658,39.8885,12.66
184,Geraldton,2021-10-22 02:04:48,AU,0,72.12,1024,43,114.6,-28.7667,14.97
185,Obo,2021-10-22 02:04:49,CF,100,66.76,1012,99,26.4869,5.3998,3.49
186,Devonport,2021-10-22 02:04:49,AU,100,64.09,1016,91,146.35,-41.1667,10.45
187,Port Macquarie,2021-10-22 02:00:11,AU,12,74.89,1015,65,152.9167,-31.4333,7.96
188,Synya,2021-10-22 02:04:50,RU,100,28.15,988,94,58.0387,65.3718,8.59
189,Puksoozero,2021-10-22 02:04:50,RU,100,37.49,978,100,40.6066,62.5903,4.97
190,Taft,2021-10-22 02:04:50,IR,0,48.72,1025,62,54.2088,31.7471,3.6
191,Jalu,2021-10-22 02:04:51,LY,0,67.87,1021,47,21.5482,29.0331,6.55
192,Misratah,2021-10-22 02:04:51,LY,79,72.86,1019,75,15.0925,32.3754,14.23
193,Mount Isa,2021-10-22 02:04:52,AU,0,96.57,1012,26,139.5,-20.7333,5.75
194,Luanda,2021-10-22 02:00:08,AO,81,75.56,1011,81,13.2343,-8.8368,4.97
195,Jiayuguan City,2021-10-22 02:04:52,CN,2,47.61,1020,20,98.3,39.8167,6.91
196,Krasnosel'kup,2021-10-22 02:04:53,RU,97,26.51,1001,98,82.4667,65.7,6.33
197,Pimentel,2021-10-22 02:04:53,PE,98,64.36,1016,86,-79.9342,-6.8367,13.44
198,Birjand,2021-10-22 02:04:54,IR,0,42.44,1025,76,59.2211,32.8663,6.98
199,Zhezkazgan,2021-10-22 02:04:54,KZ,88,31.84,1026,62,67.7144,47.8043,11.68
200,Portland,2021-10-22 02:01:51,US,90,59.5,1008,92,-122.6762,45.5234,1.99
201,Bayan,2021-10-22 02:04:55,CN,6,45.54,1025,45,127.4,46.0833,7.9
202,Kharhiāl,2021-10-22 02:04:55,IN,6,74.25,1014,72,82.7667,20.2833,1.16
203,Sokoni,2021-10-22 02:04:55,TZ,88,77.83,1014,72,39.55,-6.4333,9.69
204,Nara,2021-10-22 02:02:02,JP,99,63.25,1015,48,135.8049,34.6851,2.59
205,Ukiah,2021-10-22 02:04:56,US,90,64.44,1014,93,-123.2078,39.1502,9.22
206,Yeppoon,2021-10-22 02:04:57,AU,82,87.58,1014,64,150.7333,-23.1333,12.41
207,Richards Bay,2021-10-22 02:04:57,ZA,100,67.75,1010,84,32.0377,-28.783,16.75
208,Verkh-Usugli,2021-10-22 02:00:32,RU,13,36.57,1025,60,115.1667,52.7,2.53
209,Dvinskoy,2021-10-22 02:04:58,RU,100,39.56,982,100,45.1175,62.1535,5.44
210,Aykhal,2021-10-22 02:04:58,RU,100,25.27,1008,87,111.5,66.0,5.28
211,Sinjai,2021-10-22 02:04:58,ID,18,88.97,1012,55,120.253,-5.1241,6.31
212,Borogontsy,2021-10-22 02:04:59,RU,87,23.52,1003,88,131.1683,62.6683,9.13
213,Juan Lacaze,2021-10-22 02:04:59,UY,0,63.12,1013,77,-57.4381,-34.4342,13.56
214,Saint George,2021-10-22 02:00:36,US,1,69.35,1021,37,-113.5841,37.1041,1.01
215,Korla,2021-10-22 02:05:00,CN,97,54.99,1017,31,86.1469,41.7597,6.33
216,Mnogovershinnyy,2021-10-22 02:05:01,RU,41,32.43,1013,85,139.9242,53.9353,6.89
217,Garden City,2021-10-22 02:03:46,US,90,54.01,1012,89,-83.331,42.3256,1.99
218,Sillod,2021-10-22 02:05:02,IN,11,69.66,1016,60,75.65,20.3,2.91
219,Seoul,2021-10-22 02:00:36,KR,0,59.41,1022,39,126.9778,37.5683,4.72
220,Oistins,2021-10-22 02:05:03,BB,20,82.49,1015,74,-59.5333,13.0667,26.46
221,Sharan,2021-10-22 02:05:04,RU,100,41.94,1003,100,54.0,54.8167,11.18
222,Alberton,2021-10-22 02:05:04,CA,100,51.12,1016,80,-64.0654,46.8168,8.37
223,Key Biscayne,2021-10-22 02:00:42,US,4,82.02,1018,79,-80.1628,25.6937,3.0
224,Nizhniy Kuranakh,2021-10-22 02:05:05,RU,100,38.17,1013,92,125.4869,58.8353,11.54
225,Mossamedes,2021-10-22 02:05:06,AO,45,64.36,1012,71,12.1522,-15.1961,9.6
226,Kermanshah,2021-10-22 02:00:21,IR,0,47.77,1022,58,47.065,34.3142,3.94
227,Aracaju,2021-10-22 02:05:07,BR,40,78.75,1012,94,-37.0717,-10.9111,8.05
228,Mahébourg,2021-10-22 02:05:08,MU,40,74.25,1016,88,57.7,-20.4081,9.22
229,Gemena,2021-10-22 02:05:08,CD,100,69.57,1012,100,19.7667,3.25,1.07
230,Vanino,2021-10-22 02:05:09,RU,97,40.91,1016,51,140.2543,49.0869,3.8
231,Faanui,2021-10-22 02:05:09,PF,2,79.38,1010,74,-151.75,-16.4833,8.32
232,Henties Bay,2021-10-22 02:05:10,NA,0,54.86,1014,90,14.2845,-22.116,1.1
233,Roald,2021-10-22 02:05:10,NO,40,44.91,985,81,6.1333,62.5833,23.02
234,East London,2021-10-22 02:02:34,ZA,100,67.17,1005,85,27.9116,-33.0153,2.21
235,Kavaratti,2021-10-22 02:05:11,IN,100,81.81,1012,78,72.642,10.5669,9.73
236,Half Moon Bay,2021-10-22 02:05:11,US,75,69.98,1018,84,-122.4286,37.4636,11.5
237,Oktyabr'skiy,2021-10-22 02:05:11,RU,100,43.74,1004,98,53.471,54.4815,10.29
238,Great Yarmouth,2021-10-22 02:05:12,GB,22,46.35,1014,82,1.7305,52.6083,20.92
239,Castro,2021-10-22 02:01:10,BR,0,50.5,1017,96,-50.0119,-24.7911,5.21
240,Mattru,2021-10-22 02:05:13,SL,100,73.4,1011,99,-11.8332,7.6244,0.98
241,Mokhsogollokh,2021-10-22 02:05:13,RU,100,36.1,1005,81,128.9203,61.4681,11.36
242,Azanka,2021-10-22 02:05:13,RU,100,28.96,1001,93,64.7893,58.0401,8.97
243,Asău,2021-10-22 02:05:14,RO,100,59.92,1012,58,26.4,46.4333,6.26
244,Bud,2021-10-22 02:05:14,US,100,53.58,1017,80,-86.1758,39.447,7.23
245,Chernyshevskiy,2021-10-22 02:05:15,RU,80,32.54,1011,91,112.4714,63.0128,6.24
246,Mehamn,2021-10-22 02:05:15,NO,100,34.21,995,59,27.8492,71.0357,22.12
247,Bouna,2021-10-22 02:05:16,CI,72,73.45,1010,89,-3.0,9.2667,4.23
248,Novoraychikhinsk,2021-10-22 02:05:16,RU,13,37.67,1021,68,129.594,49.7798,5.19
249,Hoima,2021-10-22 02:05:17,UG,100,62.83,1013,96,31.3436,1.4356,1.99
250,Arroyo de la Encomienda,2021-10-22 02:05:17,ES,0,48.6,1020,83,-4.7969,41.6096,9.22
251,Khandyga,2021-10-22 02:03:44,RU,100,25.5,1000,94,135.6,62.6667,6.91
252,Dali,2021-10-22 02:05:18,CN,99,55.76,1018,97,100.1833,25.7,3.38
253,Pangai,2021-10-22 02:05:18,TO,70,74.88,1017,68,-174.35,-19.8,20.33
254,Abu Dhabi,2021-10-22 02:05:19,AE,40,84.22,1011,65,54.3667,24.4667,6.91
255,Warburg,2021-10-22 02:05:20,DE,100,43.32,1014,80,9.1667,51.5,13.73
256,Vao,2021-10-22 02:05:20,NC,93,72.84,1014,78,167.4833,-22.6667,9.69
257,Togur,2021-10-22 02:05:20,RU,100,42.04,1005,79,82.8265,58.3631,8.28
258,Cidreira,2021-10-22 02:05:21,BR,0,64.6,1015,85,-50.2056,-30.1811,14.47
259,Auki,2021-10-22 02:05:21,SB,54,87.31,1012,60,160.7034,-8.7676,0.67
260,Nha Trang,2021-10-22 02:04:01,VN,100,84.2,1015,72,109.1833,12.25,3.13
261,Airai,2021-10-22 02:05:22,TL,85,79.07,1013,38,125.4092,-8.9266,1.97
262,Dicabisagan,2021-10-22 02:05:22,PH,22,85.42,1014,66,122.4157,17.0818,6.98
263,Skjervøy,2021-10-22 02:05:23,NO,100,37.2,990,68,20.9714,70.0311,19.77
264,Narsaq,2021-10-22 02:05:23,GL,100,30.42,993,42,-46.05,60.9167,7.4
265,Yenagoa,2021-10-22 02:05:24,NG,99,75.27,1010,94,6.2642,4.9247,3.83
266,Alofi,2021-10-22 02:05:24,NU,75,78.69,1016,61,-169.9187,-19.0595,18.41
267,Christchurch,2021-10-22 02:04:21,NZ,95,60.33,1033,53,172.6333,-43.5333,8.01
268,Shujaabad,2021-10-22 02:05:25,PK,0,71.65,1007,55,71.2931,29.8797,11.03
269,Puerto Escondido,2021-10-22 02:05:25,MX,100,79.23,1013,87,-97.0667,15.85,1.9
270,Kalmunai,2021-10-22 02:05:25,LK,64,81.18,1013,78,81.8167,7.4167,4.32
271,Östersund,2021-10-22 02:00:39,SE,75,36.61,973,87,14.6357,63.1792,18.41
272,Altay,2021-10-22 02:05:26,CN,24,44.49,1021,41,88.1167,47.8667,8.08
273,Ayagoz,2021-10-22 02:05:27,KZ,100,42.01,1023,90,80.4392,47.9714,18.25
274,Tolyatti,2021-10-22 02:05:27,RU,100,50.36,1005,85,49.3461,53.5303,15.01
275,Verkhnevilyuysk,2021-10-22 02:05:27,RU,84,33.87,1009,88,120.3167,63.4453,5.99
276,Hobyo,2021-10-22 02:05:28,SO,34,78.53,1013,80,48.5268,5.3505,8.79
277,Ahipara,2021-10-22 02:05:28,NZ,100,63.5,1024,87,173.1667,-35.1667,16.37
278,Arlit,2021-10-22 02:05:29,NE,0,83.77,1010,15,7.3853,18.7369,7.56
279,Yenangyaung,2021-10-22 02:05:29,MM,97,79.27,1012,84,94.8833,20.4667,6.33
280,Letnyaya Stavka,2021-10-22 02:05:30,RU,8,46.27,1021,57,43.4472,45.4306,7.61
281,Dunedin,2021-10-22 02:05:30,NZ,0,54.81,1035,75,170.5036,-45.8742,11.99
282,Hīt,2021-10-22 02:05:31,IQ,0,67.55,1018,29,42.8251,33.6416,9.71
283,At-Bashi,2021-10-22 02:05:31,KG,100,38.1,1018,90,75.8106,41.1702,2.48
284,Honningsvåg,2021-10-22 02:05:32,NO,99,37.45,994,52,25.9704,70.9821,25.88
285,Belmonte,2021-10-22 02:05:32,BR,100,72.1,1014,92,-38.8828,-15.8631,10.8
286,Río Gallegos,2021-10-22 02:05:32,AR,0,46.45,1015,39,-69.2181,-51.6226,17.27
287,Altamira,2021-10-22 02:01:12,BR,98,75.22,1011,92,-52.2064,-3.2033,2.3
288,Kerema,2021-10-22 02:05:33,PG,23,85.15,1011,70,145.7785,-7.9631,7.61
289,Macapá,2021-10-22 02:00:42,BR,89,79.86,1011,80,-51.0664,0.0389,10.54
290,Ashta,2021-10-22 02:05:34,IN,0,68.45,1015,69,76.7167,23.0167,4.18
291,Lagoa,2021-10-22 02:05:34,PT,94,67.87,1027,72,-27.9833,39.05,11.14
292,Yangi Marg`ilon,2021-10-22 02:05:35,UZ,40,47.12,1025,76,71.7189,40.4272,16.11
293,São Filipe,2021-10-22 02:05:35,CV,0,80.67,1012,67,-24.4956,14.8961,4.54
294,Praia da Vitória,2021-10-22 02:05:35,PT,96,67.75,1027,83,-27.0667,38.7333,7.83
295,Zeya,2021-10-22 02:05:36,RU,100,39.87,1017,54,127.2667,53.75,3.78
296,Safaga,2021-10-22 02:05:36,EG,0,74.61,1015,50,33.9365,26.7292,18.03
297,Sukumo,2021-10-22 02:05:37,JP,54,66.2,1014,59,132.7333,32.9333,7.0
298,Sibu,2021-10-22 02:05:37,MY,100,73.71,1015,99,111.8167,2.3,0.85
299,Mitsamiouli,2021-10-22 02:05:37,KM,21,76.69,1014,80,43.2844,-11.3847,3.89
300,Port-Gentil,2021-10-22 02:05:38,GA,100,77.25,1011,87,8.7815,-0.7193,14.67
301,Ust'-Omchug,2021-10-22 02:05:38,RU,43,1.38,1010,86,149.6333,61.15,1.34
302,San Roque,2021-10-22 02:05:39,ES,23,61.57,1016,78,-5.3842,36.2107,10.85
303,Dingle,2021-10-22 02:05:39,PH,62,84.49,1012,75,122.6711,10.9995,11.25
304,Quzhou,2021-10-22 02:05:40,CN,97,59.9,1028,70,118.8686,28.9594,5.68
305,Léo,2021-10-22 02:05:40,BF,73,76.44,1009,67,-2.1,11.1,5.95
306,Labuhan,2021-10-22 02:05:41,ID,96,86.41,1013,62,112.2051,-6.8844,3.94
307,Cangzhou,2021-10-22 02:05:41,CN,0,57.02,1031,31,116.8667,38.3167,9.48
308,Taseyevo,2021-10-22 02:05:42,RU,97,40.33,1016,59,94.8978,57.2169,3.33
309,Arraias,2021-10-22 02:05:42,BR,99,73.04,1012,82,-46.9437,-12.9288,2.73
310,Songkhla,2021-10-22 02:05:43,TH,97,80.65,1014,70,100.6667,6.8333,0.34
311,Matagami,2021-10-22 02:05:43,CA,90,32.11,1010,100,-77.6328,49.7502,10.36
312,Ballina,2021-10-22 02:05:43,AU,26,77.18,1015,80,153.5667,-28.8667,4.76
313,Kirakira,2021-10-22 02:05:44,SB,100,84.45,1013,71,161.9205,-10.4544,6.8
314,Kampene,2021-10-22 02:05:44,CD,100,67.95,1013,99,26.6667,-3.6,2.8
315,Diadema,2021-10-22 02:01:22,BR,78,60.12,1020,97,-46.6228,-23.6861,1.01
316,Turaif,2021-10-22 02:05:45,SA,0,63.43,1018,45,38.6637,31.6725,11.5
317,Grand-Santi,2021-10-22 02:05:45,GF,98,73.62,1012,96,-54.3833,4.25,2.59
318,Sobolevo,2021-10-22 02:05:46,RU,85,50.92,996,72,31.8996,54.4299,14.79
319,Juneau,2021-10-22 02:03:23,US,100,47.84,996,95,-134.4197,58.3019,6.13
320,Ludvika,2021-10-22 02:05:46,SE,9,37.6,982,62,15.1878,60.1496,12.12
321,Dawson Creek,2021-10-22 02:00:52,CA,26,44.47,1008,69,-120.2362,55.7666,10.92
322,Kaiserslautern,2021-10-22 02:05:47,DE,1,42.58,1016,70,7.75,49.45,0.0
323,Tsaratanana,2021-10-22 02:05:47,MG,14,69.98,1015,87,47.65,-16.7833,1.34
324,Winneba,2021-10-22 02:05:48,GH,100,76.57,1010,92,-0.6231,5.3511,8.46
325,Nantucket,2021-10-22 02:05:48,US,1,66.31,1014,88,-70.0995,41.2835,13.8
326,Praia,2021-10-22 02:05:49,CV,0,79.34,1012,69,-23.5087,14.9215,14.97
327,Roşia,2021-10-22 02:05:49,RO,0,46.51,1015,93,24.3167,45.8167,2.3
328,Bereda,2021-10-22 02:05:49,ES,28,50.0,1024,100,-7.5406,43.2686,0.92
329,Los Llanos de Aridane,2021-10-22 02:05:50,ES,75,70.12,1018,58,-17.9182,28.6585,13.8
330,Kuusamo,2021-10-22 02:05:50,FI,90,28.44,978,86,29.1833,65.9667,10.36
331,Yar-Sale,2021-10-22 02:05:51,RU,100,29.07,999,91,70.8333,66.8333,8.01
332,Ambilobe,2021-10-22 02:05:51,MG,53,70.45,1014,94,49.05,-13.2,1.48
333,Srīvardhan,2021-10-22 02:05:52,IN,99,75.69,1014,71,73.0167,18.0333,4.45
334,Zhigansk,2021-10-22 02:05:52,RU,95,21.56,1004,88,123.3711,66.7697,12.15
335,Ankang,2021-10-22 02:05:53,CN,100,58.3,1029,57,109.0172,32.68,2.21
336,Monrovia,2021-10-22 02:05:53,LR,100,76.77,1011,87,-10.7969,6.3005,3.42
337,Aswān,2021-10-22 02:04:41,EG,0,70.86,1015,39,32.907,24.0934,12.68
338,Alugan,2021-10-22 02:05:54,PH,55,82.17,1012,85,125.4808,12.2188,10.67
339,Tual,2021-10-22 02:05:54,ID,99,83.01,1012,71,132.75,-5.6667,3.24
340,Tilichiki,2021-10-22 02:05:54,RU,13,14.59,1003,79,166.1,60.4667,4.7
341,Hamilton,2021-10-22 02:05:55,US,1,55.15,1016,77,-84.5333,39.1834,1.99
342,Kargala,2021-10-22 02:05:55,RU,100,44.94,1008,72,83.9607,56.6208,10.27
343,San Giustino,2021-10-22 02:05:56,IT,100,64.13,1015,76,12.1736,43.5495,4.65
344,Magog,2021-10-22 02:01:54,CA,100,54.3,1008,95,-72.1491,45.2668,4.0
345,Coyhaique,2021-10-22 02:05:56,CL,0,40.95,1021,81,-72.0662,-45.5752,4.61
346,Ketchikan,2021-10-22 02:05:56,US,90,48.67,993,93,-131.6461,55.3422,3.44
347,Torrington,2021-10-22 02:05:57,US,14,63.14,1010,92,-73.1212,41.8007,1.99
348,Lerwick,2021-10-22 02:05:57,GB,92,41.0,1000,61,-1.1494,60.1545,30.91
349,Kavieng,2021-10-22 02:05:58,PG,100,82.74,1011,76,150.7967,-2.5744,8.55
350,Benjamin Constant,2021-10-22 02:05:58,BR,35,77.13,1011,87,-70.0311,-4.3831,0.98
351,Krasnyy Profintern,2021-10-22 02:05:58,RU,100,51.82,988,83,40.435,57.7446,17.31
352,Rosa Zarate,2021-10-22 02:05:59,EC,100,73.53,1014,92,-79.4667,0.3333,1.3
353,Sørland,2021-10-22 02:05:59,NO,100,38.75,979,74,12.6934,67.667,23.98
354,Tibú,2021-10-22 02:06:00,CO,28,72.81,1013,99,-72.7358,8.639,2.44
355,Yairipok,2021-10-22 02:06:00,IN,85,68.05,1015,90,94.0667,24.6667,0.78
356,Varna,2021-10-22 02:04:49,BG,0,55.44,1016,100,27.9167,43.2167,3.44
357,Poum,2021-10-22 02:06:00,NC,5,75.79,1014,73,164.0167,-20.2333,9.91
358,Ibirité,2021-10-22 02:02:29,BR,3,60.37,1016,93,-44.0589,-20.0219,3.94
359,Bousso,2021-10-22 02:06:01,TD,100,75.06,1010,82,16.7117,10.4795,3.62
360,Brae,2021-10-22 02:06:02,GB,99,40.91,1000,60,-1.353,60.3964,30.91
361,Esim,2021-10-22 02:06:03,GH,100,77.4,1010,88,-2.2405,4.8699,6.31
362,Vallenar,2021-10-22 02:06:03,CL,0,60.19,1017,52,-70.7581,-28.5708,0.49
363,Maţāy,2021-10-22 02:06:04,EG,38,65.23,1019,71,30.7792,28.419,10.56
364,Turukhansk,2021-10-22 02:06:04,RU,100,33.28,1001,96,87.9833,65.8167,8.55
365,Kvareli,2021-10-22 02:06:05,GE,0,46.65,1028,62,45.8151,41.9524,4.27
366,Soto la Marina,2021-10-22 02:06:05,MX,3,74.77,1017,92,-98.2167,23.7667,4.12
367,Kisaran,2021-10-22 02:06:05,ID,100,82.58,1014,72,99.6158,2.9845,2.13
368,Oksovskiy,2021-10-22 02:06:06,RU,100,37.11,977,100,39.8984,62.6062,4.34
369,Puri,2021-10-22 02:06:06,IN,82,82.38,1013,70,85.85,19.8,8.34
370,Safi,2021-10-22 02:06:06,MA,2,65.1,1019,85,-9.2372,32.2994,11.12
371,Avilés,2021-10-22 02:06:07,ES,20,57.76,1023,80,-5.9248,43.5547,1.99
372,Vetluga,2021-10-22 02:06:07,RU,100,47.86,991,96,45.781,57.8557,11.56
373,Tezu,2021-10-22 02:06:08,IN,82,72.86,1015,96,96.1667,27.9167,0.49
374,Lexington Park,2021-10-22 02:06:08,US,20,71.65,1014,62,-76.4538,38.2668,7.0
375,Departamento de Maldonado,2021-10-22 02:06:09,UY,0,58.39,1015,91,-54.9167,-34.6667,7.4
376,Waingapu,2021-10-22 02:06:09,ID,41,87.91,1013,56,120.2641,-9.6567,8.57
377,Ingham,2021-10-22 02:06:10,US,90,50.18,1014,90,-84.3833,42.6,10.36
378,College,2021-10-22 02:06:10,US,20,33.46,994,78,-147.8028,64.8569,0.0
379,Ahtopol,2021-10-22 02:06:11,BG,0,50.47,1018,85,27.95,42.1,7.2
380,Salalah,2021-10-22 02:06:11,OM,20,73.49,1014,73,54.0924,17.0151,3.44
381,Laguna,2021-10-22 02:06:11,US,20,72.1,1016,82,-121.4238,38.421,1.01
382,Santa Catalina,2021-10-22 02:06:12,PH,50,85.41,1011,72,122.8637,9.3337,3.91
383,Lahat,2021-10-22 02:06:12,ID,100,81.95,1015,76,103.5333,-3.8,1.01
384,Pevek,2021-10-22 02:06:13,RU,100,12.61,1001,89,170.3133,69.7008,12.48
385,Eureka,2021-10-22 02:06:13,US,100,65.68,1008,93,-124.1637,40.8021,1.01
386,Merauke,2021-10-22 02:06:13,ID,17,86.94,1011,61,140.3333,-8.4667,7.76
387,Cuamba,2021-10-22 02:06:14,MZ,31,67.14,1015,67,36.5372,-14.8031,2.77
388,Zhuanghe,2021-10-22 02:06:14,CN,0,55.83,1026,34,122.9911,39.7008,9.75
389,Mwinilunga,2021-10-22 02:06:15,ZM,98,63.91,1013,86,24.4293,-11.7358,2.53
390,Hornepayne,2021-10-22 02:06:15,CA,99,31.8,1016,90,-84.7705,49.2138,5.91
391,Warrington,2021-10-22 02:03:20,GB,75,51.87,1015,74,-2.5802,53.3925,7.0
392,Invermere,2021-10-22 02:06:16,CA,100,46.62,1017,64,-116.0354,50.5167,4.9
393,Monterey,2021-10-22 02:06:16,US,99,62.71,1018,1,-121.2516,36.2505,6.22
394,Helong,2021-10-22 02:06:17,CN,6,46.53,1024,33,128.9972,42.5397,6.49
395,Cockburn Town,2021-10-22 02:06:17,TC,13,83.37,1016,77,-71.1419,21.4612,19.22
396,Belyy Yar,2021-10-22 02:06:18,RU,97,22.89,1018,93,91.3903,53.6039,4.47
397,Coquimbo,2021-10-22 02:06:18,CL,0,55.13,1018,82,-71.3436,-29.9533,2.3
398,Marigot,2021-10-22 02:06:18,MF,10,83.05,1017,66,-63.0833,18.0667,19.64
399,Walvis Bay,2021-10-22 02:06:19,NA,0,55.09,1014,90,14.5053,-22.9575,2.8
400,Naranjal,2021-10-22 02:06:19,EC,99,77.52,1016,90,-79.6167,-2.6667,3.0
401,San Policarpo,2021-10-22 02:06:19,PH,46,82.44,1012,84,125.5072,12.1791,11.16
402,Arrondissement de Lannion,2021-10-22 02:06:20,FR,75,47.41,1023,93,-3.4167,48.75,3.44
403,Aksu,2021-10-22 02:06:21,CN,78,53.49,1016,28,80.2644,41.1231,2.82
404,Port Augusta,2021-10-22 02:06:21,AU,2,84.7,1013,30,137.7667,-32.5,8.7
405,Nārāyanavanam,2021-10-22 02:06:21,IN,74,80.38,1014,81,79.5833,13.4167,2.82
406,Saint-Augustin,2021-10-22 02:06:22,CA,65,38.68,1015,64,-58.6502,51.226,6.22
407,Zyryanka,2021-10-22 02:06:22,RU,12,5.4,1007,69,150.85,65.75,8.43
408,Skibotn,2021-10-22 02:06:23,NO,100,35.69,989,90,20.2679,69.3913,8.3
409,Mil'kovo,2021-10-22 02:06:23,RU,8,32.18,1012,49,158.6167,54.7167,5.44
410,Baker City,2021-10-22 02:06:24,US,1,62.31,1015,49,-117.8344,44.7749,12.66
411,Marshall,2021-10-22 02:03:37,US,5,68.32,1017,73,-86.3333,34.3834,5.08
412,Adrar,2021-10-22 02:06:24,MR,1,70.75,1014,22,-10.0711,20.5022,9.01
413,Cherskiy,2021-10-22 02:06:25,RU,100,9.39,1008,96,161.3,68.75,5.41
414,Agde,2021-10-22 02:06:25,FR,0,57.45,1019,84,3.4758,43.3108,6.91
415,Juxtlahuaca,2021-10-22 02:06:26,MX,100,70.05,1016,96,-99.1467,17.4294,0.98
416,Haines Junction,2021-10-22 02:06:26,CA,100,33.26,999,93,-137.5108,60.7522,2.62
417,Port Blair,2021-10-22 02:06:27,IN,100,82.02,1013,78,92.75,11.6667,1.83
418,Buala,2021-10-22 02:06:27,SB,100,82.0,1012,76,159.5921,-8.145,6.13
419,Ngaoundéré,2021-10-22 02:06:28,CM,99,64.72,1013,93,13.5833,7.3167,3.09
420,Kurchum,2021-10-22 02:06:28,KZ,100,48.36,1018,41,83.6542,48.5722,3.18
421,Belaya Gora,2021-10-22 02:06:29,RU,73,-1.75,1006,79,146.4167,68.5333,3.69
422,Illapel,2021-10-22 02:06:29,CL,0,56.52,1019,77,-71.1653,-31.6308,1.74
423,Aguilar de la Frontera,2021-10-22 02:06:30,ES,0,52.2,1016,58,-4.6554,37.5143,1.57
424,Yumen,2021-10-22 02:06:30,CN,4,46.13,1020,24,97.2,40.2833,11.83
425,Coxim,2021-10-22 02:06:30,BR,75,80.49,1010,55,-54.76,-18.5067,4.72
426,Batemans Bay,2021-10-22 02:06:31,AU,36,80.2,1015,63,150.1833,-35.7167,9.64
427,Vestmannaeyjar,2021-10-22 02:06:31,IS,96,43.14,1010,59,-20.2734,63.4427,20.98
428,Tynda,2021-10-22 02:06:32,RU,99,38.28,1019,59,124.7167,55.1667,3.91
429,Nouadhibou,2021-10-22 02:06:32,MR,60,72.18,1014,65,-17.0347,20.931,14.03
430,Dingli,2021-10-22 02:06:32,MT,40,70.81,1019,83,14.3822,35.8614,6.91
431,Itarema,2021-10-22 02:06:33,BR,68,79.83,1011,81,-39.9167,-2.9248,12.03
432,Mitú,2021-10-22 02:06:33,CO,100,72.57,1012,98,-70.1733,1.1983,2.19
433,Paris,2021-10-22 02:06:33,FR,0,42.15,1020,94,2.3488,48.8534,2.3
434,Shaki,2021-10-22 02:06:34,AZ,0,41.79,1027,71,47.1667,41.0833,4.76
435,Maragogi,2021-10-22 02:01:40,BR,99,76.48,1013,89,-35.2225,-9.0122,7.52
436,Ust-Nera,2021-10-22 02:06:34,RU,100,11.23,1006,90,143.2,64.5667,2.84
437,Black River,2021-10-22 02:06:35,JM,53,80.6,1015,80,-77.8487,18.0264,2.17
438,Bushehr,2021-10-22 02:06:35,IR,0,79.52,1013,43,50.8385,28.9684,17.54
439,Il’inskiy,2021-10-22 02:06:36,RU,0,55.74,992,62,38.1182,55.619,11.18
440,Wellington,2021-10-22 02:06:36,NZ,99,63.66,1032,55,174.7756,-41.2866,1.01
441,Ambovombe,2021-10-22 02:06:37,MG,7,62.83,1017,83,46.0833,-25.1667,4.72
442,De-Kastri,2021-10-22 02:06:37,RU,83,36.45,1015,71,140.7833,51.4667,6.78
443,Bubaque,2021-10-22 02:06:38,GW,94,82.18,1011,75,-15.8333,11.2833,6.89
444,Lavrentiya,2021-10-22 02:06:38,RU,100,24.42,992,88,-171.0,65.5833,6.8
445,Gouré,2021-10-22 02:06:38,NE,2,84.27,1009,33,10.2704,13.9835,6.13
446,Longyearbyen,2021-10-22 02:06:39,SJ,40,15.64,1005,92,15.6401,78.2186,5.75
447,Fallon,2021-10-22 02:05:57,US,75,64.27,1019,60,-118.7774,39.4735,5.75
448,Caxito,2021-10-22 02:06:39,AO,100,76.66,1011,79,13.6643,-8.5785,1.48
449,Magán,2021-10-22 02:06:40,ES,0,58.42,1018,56,-3.931,39.9683,10.85
450,San Miguel de Tucumán,2021-10-22 02:06:40,AR,0,74.71,1008,32,-65.2226,-26.8241,4.9
451,Khorixas,2021-10-22 02:06:40,NA,0,54.68,1014,51,14.9667,-20.3667,1.19
452,Santa Rosa,2021-10-22 02:02:41,PH,90,89.1,1013,69,121.1114,14.3122,9.28
453,Flinders,2021-10-22 02:06:41,AU,52,70.25,1016,71,150.8552,-34.5833,6.33
454,Iskateley,2021-10-22 02:06:41,RU,100,28.69,985,94,53.1512,67.6803,10.18
455,Touros,2021-10-22 02:06:42,BR,17,79.7,1012,80,-35.4608,-5.1989,9.89
456,Chicama,2021-10-22 02:06:42,PE,100,59.54,1016,82,-79.1469,-7.8447,5.35
457,Kualakapuas,2021-10-22 02:06:43,ID,100,80.76,1013,64,114.3876,-3.0091,2.84
458,Hudson Bay,2021-10-22 02:06:43,CA,2,29.1,1025,67,-102.3842,52.85,6.02
459,Lázaro Cárdenas,2021-10-22 02:06:28,MX,94,81.27,1012,80,-102.2,17.9583,2.95
460,Mae Hong Son,2021-10-22 02:06:44,TH,97,79.39,1015,84,97.9685,19.3003,1.95
461,Port Lincoln,2021-10-22 02:06:44,AU,96,65.23,1015,63,135.8667,-34.7333,7.87
462,Paamiut,2021-10-22 02:06:45,GL,24,37.13,997,56,-49.6678,61.994,11.77
463,Noumea,2021-10-22 02:06:45,NC,83,84.18,1014,70,166.4572,-22.2763,9.01
464,Casper,2021-10-22 02:06:45,US,1,49.71,1024,69,-106.3131,42.8666,3.0
465,Galesong,2021-10-22 02:06:46,ID,32,86.02,1012,60,119.3661,-5.3166,1.86
466,Mareeba,2021-10-22 02:06:46,AU,11,84.49,1012,41,145.4333,-17.0,9.01
467,Kalabo,2021-10-22 02:06:47,ZM,100,71.37,1011,69,22.6814,-14.97,3.06
468,Touba,2021-10-22 02:06:47,CI,100,70.39,1012,97,-7.6833,8.2833,4.09
469,Ojinaga,2021-10-22 02:02:16,MX,1,78.42,1020,53,-104.4167,29.5667,9.22
470,Sechura,2021-10-22 02:06:48,PE,75,67.44,1015,78,-80.8222,-5.5569,13.49
471,Oruzgan,2021-10-22 02:06:48,AF,0,52.54,1013,29,66.0,32.8333,4.14
472,Malbork,2021-10-22 02:06:49,PL,93,47.05,999,73,19.0266,54.0359,21.43
473,Carlsbad,2021-10-22 02:06:45,US,40,68.85,1018,87,-117.3506,33.1581,1.01
474,Batagay-Alyta,2021-10-22 02:06:49,RU,100,13.95,1000,92,130.4114,67.8006,3.44
475,Lethem,2021-10-22 02:06:50,GY,76,79.03,1011,76,-59.7968,3.3803,2.33
476,Madimba,2021-10-22 02:06:50,TZ,76,72.86,1014,90,40.3333,-10.4,7.18
477,Kirgiz-Miyaki,2021-10-22 02:06:50,RU,100,41.97,1006,99,54.7979,53.6324,12.41
478,Ilulissat,2021-10-22 02:06:51,GL,20,28.42,1012,74,-51.1,69.2167,4.61
479,Rimouski,2021-10-22 02:06:51,CA,100,49.28,1011,91,-68.524,48.4488,6.44
480,Constitución,2021-10-22 02:06:52,CL,100,51.4,1020,83,-72.4167,-35.3333,15.05
481,Naugachhia,2021-10-22 02:06:52,IN,0,74.79,1012,71,87.1,25.4,2.73
482,Guapiaçu,2021-10-22 02:06:53,BR,0,68.88,1013,50,-49.2203,-20.795,5.26
483,Kayerkan,2021-10-22 02:06:53,RU,96,20.59,1001,98,87.7602,69.3497,3.87
484,Nkayi,2021-10-22 02:06:53,CG,99,74.39,1011,90,13.2884,-4.1841,1.39
485,Pangnirtung,2021-10-22 02:06:54,CA,100,27.86,1019,76,-65.7125,66.1451,3.53
486,Marawi,2021-10-22 02:06:54,PH,93,73.65,1012,68,124.2928,7.9986,4.56
487,Kissidougou,2021-10-22 02:06:55,GN,100,69.64,1012,99,-10.0999,9.1848,3.56
488,Druzhba,2021-10-22 02:06:55,UA,100,52.41,1003,63,33.9453,52.0428,13.85
489,Geilo,2021-10-22 02:06:56,NO,53,31.39,987,78,8.2076,60.5333,10.47
490,Erenhot,2021-10-22 02:06:56,CN,0,40.89,1031,39,111.9767,43.6475,5.5
491,Farafangana,2021-10-22 02:06:56,MG,100,69.44,1016,84,47.8333,-22.8167,9.28
492,Praia,2021-10-22 02:06:52,CV,0,79.34,1012,69,-23.5087,14.9215,14.97
493,Gejiu,2021-10-22 02:06:57,CN,100,45.19,1021,96,103.1635,23.306,3.36
494,Manggar,2021-10-22 02:06:58,ID,100,84.54,1013,66,108.2667,-2.8833,1.92
495,Ilovlya,2021-10-22 02:06:58,RU,95,47.5,1015,64,43.9796,49.3033,14.83
496,Ribeira Grande,2021-10-22 02:06:58,PT,37,68.88,1027,71,-28.7,38.5167,12.24
497,Fonte Boa,2021-10-22 02:06:59,BR,100,73.22,1011,97,-66.2662,-2.4959,3.15
498,Paphos,2021-10-22 02:06:59,CY,0,62.38,1019,55,32.4167,34.7667,3.44
499,Ponta Delgada,2021-10-22 02:04:39,PT,20,61.52,1028,88,-25.6667,37.7333,4.61
500,Lagos,2021-10-22 02:03:05,NG,92,75.56,1010,94,3.75,6.5833,2.75
501,Nova Olímpia,2021-10-22 02:07:00,BR,18,79.45,1009,68,-57.2881,-14.7972,3.89
502,Buchanan,2021-10-22 02:07:01,LR,100,76.96,1011,87,-10.0467,5.8808,2.48
503,Wajir,2021-10-22 02:07:01,KE,93,78.19,1012,62,40.0573,1.7471,14.23
504,Paramonga,2021-10-22 02:07:02,PE,86,63.46,1016,86,-77.8333,-10.6667,6.91
505,Bowen,2021-10-22 02:07:03,AU,74,82.15,1014,69,148.2333,-20.0167,12.75
506,Ambon City,2021-10-22 02:03:58,ID,40,84.34,1011,84,128.1814,-3.6954,3.44
507,Mayo,2021-10-22 02:07:03,US,1,70.41,1005,68,-76.5119,38.8876,4.0
508,Guiyang,2021-10-22 02:07:03,CN,100,43.45,1030,87,106.7167,26.5833,10.0
509,Lebyazh'ye,2021-10-22 02:07:04,RU,100,31.28,1007,73,66.4947,55.2689,15.12
510,Florida,2021-10-22 02:07:04,US,1,75.18,1019,90,-82.5001,28.7505,0.0
511,Andra,2021-10-22 02:07:05,RU,100,28.18,997,86,65.8878,62.5147,8.34
512,Destin,2021-10-22 02:02:53,US,1,77.05,1016,86,-86.4958,30.3935,1.01
513,Tabuk,2021-10-22 02:07:05,PH,44,82.6,1015,76,121.4443,17.4189,4.63
514,Caniço,2021-10-22 02:07:06,PT,75,70.43,1023,75,-16.85,32.6333,10.36
515,Yuzhne,2021-10-22 02:07:06,UA,1,50.22,1013,82,31.1013,46.6221,13.2
516,Rumonge,2021-10-22 02:07:07,BI,100,73.29,1011,72,29.4386,-3.9736,3.24
517,Channel-Port aux Basques,2021-10-22 02:07:08,CA,56,49.69,1017,79,-59.1367,47.5702,7.96
518,Sarai,2021-10-22 02:07:08,RU,100,51.08,1001,71,41.0213,53.7458,19.82
519,Sémbé,2021-10-22 02:07:08,CG,95,69.33,1012,96,14.5806,1.6481,0.27
520,Suntar,2021-10-22 02:07:09,RU,67,37.9,1011,86,117.6319,62.1444,8.14
521,Chamba,2021-10-22 02:07:09,IN,95,64.56,1015,38,76.1333,32.5667,7.27
522,Challans,2021-10-22 02:07:09,FR,89,48.4,1021,68,-1.8749,46.8436,9.75
523,Nome,2021-10-22 02:04:19,US,90,32.16,990,86,-165.4064,64.5011,9.22
524,Thinadhoo,2021-10-22 02:07:10,MV,82,82.51,1013,68,72.9333,0.5333,6.78
525,Bathsheba,2021-10-22 02:07:10,BB,20,83.01,1015,74,-59.5167,13.2167,26.46
526,Brønnøysund,2021-10-22 02:05:20,NO,90,37.4,975,70,12.1997,65.4625,12.66
527,Puerto Ayacucho,2021-10-22 02:07:10,VE,100,74.19,1012,94,-67.6236,5.6639,7.4
528,Beberibe,2021-10-22 02:07:11,BR,100,80.64,1012,81,-38.1306,-4.1797,8.43
529,Westport,2021-10-22 02:07:11,US,1,66.74,1009,89,-73.3579,41.1415,13.0
530,Fairbanks,2021-10-22 02:04:48,US,1,32.22,994,78,-147.7164,64.8378,3.44
531,Beloha,2021-10-22 02:07:12,MG,3,60.46,1017,80,45.05,-25.1667,4.45
532,Kanigoro,2021-10-22 02:07:12,ID,100,85.48,1014,62,112.219,-8.13,9.31
533,Toma,2021-10-22 02:07:13,BF,15,80.98,1009,59,-2.8833,12.7667,6.42
534,Ubari,2021-10-22 02:07:13,LY,99,75.24,1017,31,12.7805,26.5921,3.42
535,Show Low,2021-10-22 02:07:14,US,1,57.49,1029,42,-110.0298,34.2542,0.0
536,Maceió,2021-10-22 02:07:14,BR,0,78.24,1013,94,-35.7353,-9.6658,5.75
537,Machalí,2021-10-22 02:07:14,CL,100,57.51,1018,68,-70.6667,-34.1833,1.07
538,Kuching,2021-10-22 02:07:15,MY,40,75.42,1015,100,110.3333,1.55,4.61
539,San Juan,2021-10-22 02:07:15,AR,1,73.08,1007,23,-68.5364,-31.5375,0.83
540,Sabha,2021-10-22 02:07:16,LY,96,72.54,1018,34,14.4283,27.0377,12.48
541,Guadalupe y Calvo,2021-10-22 02:07:16,MX,2,53.37,1019,69,-106.9667,26.1,2.8
542,Phang Nga,2021-10-22 02:07:17,TH,98,83.91,1014,84,98.5298,8.4509,1.41
543,Narrabri,2021-10-22 02:07:17,AU,0,80.53,1013,48,149.7833,-30.3167,1.01
544,Ostrovnoy,2021-10-22 02:07:18,RU,100,34.21,985,79,39.5131,68.0531,17.2
545,Toamasina,2021-10-22 02:07:18,MG,0,70.5,1013,88,49.3833,-18.1667,10.67
546,Madang,2021-10-22 02:07:18,PG,97,85.84,1012,62,145.7966,-5.2246,6.8
547,Majene,2021-10-22 02:07:19,ID,45,86.07,1012,62,118.9707,-3.5403,4.47
548,Teya,2021-10-22 02:07:19,RU,100,37.56,1011,84,92.6267,60.3778,5.1
549,Mandan,2021-10-22 02:04:10,US,90,41.04,1020,72,-100.8896,46.8267,5.75
